Rockyview County,Indus
Rocky View,Balzac
Central City Village,Phoenix
Chatauguay,Châteauguay
Perry Twp,Lane
Cleveland Heigh,Cleveland Heights
North Olmstead,North Olmsted
Mont St-hilaire,Mont-Saint-Hilaire
Ahwahtukee,Phoenix
Phoeniix,Phoenix
Bradford West Gwillimbury,Bradford West Gwillimbury
Concord Twp,West Walnut Estates
W Henderson,Paradise
Robinson Twp.,Robinson Township
Montreal-West,Montréal-Ouest
Mont-Royal,Mont-Royal
"Las Vegas,",Mack
Cleveland Hghts.,Cleveland Heights
Buckeye - Shaker,Shaker Heights
"Harrisburg,",Harrisburg
Medina Township,
North Toronto,Toronto
Ste-Dorothée,Laval
Charlotte ,Charlotte
Glbert,Gilbert
Mt Lebanon,Mount Lebanon
St-Bruno-de-Montarville,Saint-Bruno-de-Montarville
Brookpark,Brook Park
Bainbridge Township,South Russell
Citibank,Spring Valley
Olmsted Township,Olmsted Falls
Monoroeville,Monroeville
Auburn Twp,Auburn Corners
Parma mid birth,Parma
Mississagua,Mississauga
N E Las Vegas,Sunrise Manor
Saint-Sauveur-des-Monts,Saint-Sauveur
Hendserson,Paradise
Montrèal,Montréal
Las Vegas Nevada,Paradise
Concord Mills,Concord
Nellis AFB,Nellis Air Force Base
York Regional Municipality,Vaughan
Suncity,
North  Ridgeville,North Ridgeville
Montreal-Ouest,Montréal-Ouest
Cuyohoga Falls,Cuyahoga Falls
Phoenix Metro Area,Montara
"Urbana, Illinois",Urbana
Mt Holly,Mount Holly
Pgh Int Arprt,Moon Township
St-Laurent,Montréal
Valleywide,Phoenix
Plum Boro,Plum
Ville Mont-Royal,Mont-Royal
North Huntingdon,North Huntingdon Township
Phx,Phoenix
S Concord,Concord
Laveen Village,Phoenix
St. Jean Sur Richelieu,Saint-Jean-sur-Richelieu
Spring Hill City View,Pittsburgh
Mayfield Heights.,Mayfield Heights
Brooklyn Hts.,Brooklyn Heights
Mayfield Village,Mayfield
West Montréal,Montréal
Rosemere,Rosemère
C Las Vegas,Las Vegas
Mc Adenville,McAdenville
Shaker Hts,Shaker Heights
Murrysville (Monroeville),Monroeville
Toronto Division,Toronto
Nottingham Township,Nottingham Township
Cranberry Twp,Pittsburgh
​Chandler,Chandler
Henderson Nevada,Henderson
Mentor On the,Mentor-on-the-Lake
Orange Village,Orange
Phoneix,Phoenix
Côte Saint-Luc,Hampstead
Sainte-Marguerite-Esterel,Sainte-Marguerite-du-Lac-Masson
Warrensville Hts.,Warrensville Heights
Old Town Scottsdale,Scottsdale
Montéal,Montréal
Cuddy,South Fayette Township
Westworld Scottsdale,Scottsdale
St-Leonard,Montréal
Midnapore,Calgary
East Mc Keesport,North Versailles
Rockey View,Prairie Schooner Estates
Mentor On The Lake,Mentor-on-the-Lake
Gelndale,glen view estates
South Charlotte,Charlotte
Upper Saint Clair,Mount Lebanon
Apache Trail,
North Carolina,Charlotte
Rock Hill SC,Rock Hill
McCandless Township,McCandless
Saint-Isidore-de-Laprairie,Saint-Isidore
Las Vegas Valley,Paradise
Montréal-West,Montréal-Ouest
Montral,Montréal
Communauté-Urbaine-de-Montréal,Dollard-Des-Ormeaux
Mc Murray,Peters Township
East Hawkesbury,East Hawkesbury
Northyork,Toronto
East Gwillimbury,East Gwillimbury
North Phoenix,Phoenix
Church Cove,Mount Mourne
Pittsburch,Robinson Township
Ballantyne,Charlotte
N Ridgeville,North Ridgeville
Le Sud-Ouest,Montréal
Scottadale,Scottsdale
Montréal (Québec),Montréal
Bedford Hts,Bedford Heights
Caledon Village,Caledon
"Laval, Pont Viau",Laval
St-Benoît de Mirabel,
Ansnorveldt,King
Mt. Holly,Mount Holly
Cleveland Hts.,Cleveland Heights
Moon Twp.,Moon Township
Deux-Montagnes Regional County Municipality,Saint-Joseph-du-Lac
Port Credit,Mississauga
Mc Farland,McFarland
Cote Saint Luc,Hampstead
Rocky View County,Balzac
St. Léonard,Montréal
Beachwood ,Beachwood
Bradfordwoods,Bradford Woods
Woodmere Village,Beachwood
"Indian Land,",Belair
N. Randall,North Randall
Higley,Gilbert
Beloeil,Beloeil
Schottsdale,Scottsdale
Richmonhill,Richmond Hill
St-Lazare,Saint-Lazare
Mt. Horeb,Mount Horeb
Cote-Saint-Luc,Côte-Saint-Luc
Baie-d'Urfe,Baie-D'Urfé
Las Vegas East,Paradise
Etobicoke,Toronto
L'ile-Bizard,Montréal
Penn Hills Township,Penn Hills
Canonsburd,Canonsburg
Mayfield Hts.,Mayfield Heights
New Tecumseth,King
Whtiby,Whitby
Concord Township,Orchard Grove
Montreal-Nord,Montréal
Southside Flats,Pittsburgh
River Drive Park,East Gwillimbury
Las Vegass,Las Vegas
Montreal-Quest,Montréal-Ouest
Île des Soeurs,Montréal
Fort  Mill,Carowood
Cave Creek Road,Cave Creek
Metro Phoenix,Phoenix
Northfield Center Township,Macedonia
Old Scottsdale,Scottsdale
Highland Hts,Highland Heights
Surprise Crossing,Surprise
St-Jean-sur-Richelieu,Saint-Jean-sur-Richelieu
Saint-Jerome,Saint-Jérôme
Cuyahoga Fls,Cuyahoga Falls
Whiitby,Whitby
Scotesdale,Scottsdale
Geauga,Newbury
"Lakewood, Oh",Lakewood
Oakridges,Richmond Hill
North Huntington,North Huntingdon Township
North  York,Toronto
Ft. Mill,Old Orchid
Sheffield Village,Sheffield
Division No. 6,Calgary
Fitchburgh,Fitchburg
Chandler-Gilbert,Chandler
Auburn Township,Auburn Center
Old Brooklyn,Cleveland
St-Jerome,Saint-Jérôme
Central Henderson,Henderson
De l'Eglise,Montréal
Toronto-West,Toronto
"Scottsdale, AZ",Scottsdale
Stetson Valley,Phoenix
Indian Land,Belair
Twinsburgh,Twinsburg
Wilkens Township,Wilkins Township
Harrisbug,Harrisburg
Broadview Hts,Broadview Heights
Estrella Village,Phoenix
Chargrin Falls,Chagrin Falls
Montréal-Nord,Montréal
Troy Township,Welshfield
Pheonix,Phoenix
Whitchurch-Stouffville,Whitchurch-Stouffville
Oak Ridges,Richmond Hill
Saintt-Bruno-de-Montarville,Saint-Bruno-de-Montarville
Morin-Heights,Morin-Heights
Mesa Arizona,Mesa
Toronto-North York,Toronto
Monreoville,Monroeville
East Calgary,Calgary
Mississauaga,Mississauga
charlottte,Charlotte
South Las Vegas,Spring Valley
Montreal-Est,Montréal-Est
Saint-Bernard de Lacolle,Saint-Bernard-de-Lacolle
Nationwide,Brunswick
W Spring Valley,Spring Valley
Median,Medina
North of Brampton,Caledon
Glendale Az,Phoenix
Mt. Lebanon,Mount Lebanon
SW Calgary,Calgary
Fabreville,Laval
North Strabane Township,North Strabane Township
Ahwatukee,Desert Villas
East Mississauga,Mississauga
Middleburg Hts.,Middleburg Heights
Bedford Hts.,Bedford Heights
Mesa AZ,Mesa
L'Île-Bizard,Montréal
Saint-Leonard,Montréal
Las Vegas ,Paradise
Henderson (Green Valley),Henderson
L'ile-Perrot,L'Île-Perrot
Phoenx,Phoenix
Point-Claire,Pointe-Claire
Township of Concord,Mentor
Pickering Ajax Whitby,Pickering
Nellis Air Force Base,Nellis Air Force Base
Downtown Toronto,Toronto
Ahwatukee Foothills Village,Phoenix
Elizabeth Township,Elizabeth Township
North Las Vegas ,North Las Vegas
L'Île-Perrot,L'Île-Perrot
Rostraver,Rostraver Township
Neville Island,Neville Township
Brunswick Hills,Brunswick
Sainte-Adele,Sainte-Adèle
Pheonix AZ,Phoenix
Las  Vegas,Las Vegas
Hyland Heights,Mayfield
Moon Twp,Moon Township
Mississaugua,Mississauga
Fountain Hls,Fountain Hills
Old Port of Montreal,Montréal
Warrensville Hts,Warrensville Heights
Peters Township,Peters Township
Ste-Therese-de-Blainville,Sainte-Thérèse
"Cleveland, OH",Cleveland
"Etobicoke,",Toronto
Sun Praiie,Sun Prairie
LasVegas,Paradise
Henderston,Henderson
Île-des-Soeurs,Montréal
Rocky View No. 44,Balzac
Catawba Springs,Westport
Scarobrough,Toronto
Northeast Calgary,Calgary
Hnederson,Henderson
La Vegas,Las Vegas
Las Vergas,Las Vegas
"Chomedey, Laval",Laval
Middleburg Hts,Middleburg Heights
Woodbridge (Vaughan),Vaughan
Toronto-Etobicoke,Toronto
Dollard-des-Ormeaux,Dollard-Des-Ormeaux
Upper St Clair,Upper St. Clair
Sainte-Genevieve,Montréal
West Toronto,Toronto
Scottsale,Scottsdale
Garfield Hts,Garfield Heights
Centennial Hills,Las Vegas
"Las Vegas, NV",Las Vegas
Phoenix AZ,Phoenix
Cranberry Township,Collier Township
Pepperpike,Pepper Pike
N. Las Vegas,North Las Vegas
Phoenix Valley,Phoenix
Mississauge,Mississauga
Mt. Washington,Pittsburgh
Vaughan Mills,Vaughan
Columbia Sta,Columbia Center
Phoniex,Phoenix
Southeast Calgary,Calgary
Le Haut-Saint-Laurent Regional County Municipality,Havelock
"North Olmsted,",North Olmsted
Durham Regional Municipality,Uxbridge
East Gwilimbury,East Gwillimbury
N W Las Vegas,Las Vegas
Suprise,Surprise
University Ht,University Heights
Missisauga,Mississauga
Saint-Charles-Borromee,Saint-Charles-Borromée
St. Sauveur,Saint-Sauveur
Wilkinsburg,Wilkinsburg
Cleveland Height,Cleveland Heights
Painesville Township,Shoreland
Cote Saint-Luc,Côte-Saint-Luc
Etibicoke,Toronto
McKeesRocks,McKees Rocks
N. Ridgeville,North Ridgeville
Lake Norman,Huntersville
Sainte-Dorothée,Laval
Kahnawake,Kahnawá:ke
Etobiicoke,Toronto
Russell Twp,South Russell
Mc Kees Rocks,Kennedy Township
"Markham, ON",Markham
"Laval, Ste Dorothee",Laval
Regional Municipality of York,Richmond Hill
Mississuaga,Mississauga
Notre-Dame-De-L'ile-Perrot,Notre-Dame-de-l'Île-Perrot
Beltline,Calgary
Las Vegas Nv,Las Vegas
University Hts ,University Heights
N Solon,Orange
East Ajax,Ajax
Saint - Hyacinthe,Saint-Hyacinthe
St-Clet,Saint-Clet
Las Vegas & Henderson,Enterprise
Sainte-Thérèse-de-Blainville,Sainte-Thérèse
"Phoenix, AZ",Phoenix
Laveen,Phoenix
Richmond Hts,Highland Heights
Henderson and Las vegas,Henderson
Toronto Scarborough,Toronto
Ville Saint Laurent,Montréal
Mattews,Matthews
N Las Vegas,North Las Vegas
Mayfield Heights (Cleveland),Mayfield Heights
"Phoenix,",Phoenix
McMurry,Peters Township
East Credit,Mississauga
N. Olmsted,North Olmsted
Mint  Hill,Mint Hill
Lake Mead,
Mayfield Hts,Mayfield Heights
